RMSD(A),unweighted,weighted
sphere01,0.06,0.033
sphere02,0.045,0.044
sphere03,0.215,0.179
sphere04,0.073,0.054
sphere05,0.104,0.065
sphere06,0.099,0.081
sphere07,0.12,0.093
sphere08,0.088,0.085
sphere09,0.095,0.075
sphere10,0.635,0.432
sphere11,0.227,0.494
sphere12,0.073,0.052
sphere13,0.086,0.062
sphere14,0.077,0.054
sphere15,0.111,0.081
sphere16,0.07,0.058
sphere17,0.108,0.075
sphere18,0.073,0.051
sphere19,0.108,0.075
sphere20,0.069,0.063
sphere21,0.04,0.037
sphere22,0.152,0.128
sphere23,0.1,0.07
sphere24,0.104,0.103
sphere25,0.16,0.133
sphere26,0.11,0.075
sphere27,0.373,0.328
sphere28,0.686,0.386
sphere29,0.19,0.149
sphere30,0.165,0.134
sphere31,0.201,0.151
sphere32,0.291,0.225
sphere33,0.146,0.097
sphere34,0.094,0.079
sphere35,0.41,0.366
sphere36,0.246,0.158
sphere37,0.248,0.159
sphere38,0.198,0.143
sphere39,0.15,0.12
sphere40,0.097,0.084
sphere41,0.099,0.093
sphere42,0.354,0.29
sphere43,0.044,0.043
sphere44,0.635,0.377
sphere45,0.081,0.074
sphere46,0.64,0.543
sphere47,0.612,0.441
sphere48,0.631,0.586
sphere49,0.545,0.346
sphere50,0.229,0.196
sphere51,0.148,0.105
Total,0.210098039215686,0.165196078431373
